complaint_id,customer_id,complaint_date,complaint_type,resolution_status,satisfaction_score
CMP000001,CUST000080,2024-11-14,Fee Dispute,Resolved,5.0
CMP000002,CUST004644,2024-03-03,Fee Dispute,Pending,4.0
CMP000003,CUST004644,2024-03-03,Other,Closed - No Action,5.0
CMP000004,CUST001865,2024-07-07,Fee Dispute,Resolved,
CMP000005,CUST000066,2024-01-31,App/Online Banking Issue,Pending,4.0
CMP000006,CUST001527,2024-09-27,Fee Dispute,Resolved,4.0
CMP000007,CUST001527,2024-07-23,Card Issue,Pending,3.0
CMP000008,CUST003470,2024-08-10,Fraud Report,Escalated,4.0
CMP000009,CUST003470,2024-06-07,App/Online Banking Issue,Closed - No Action,
CMP000010,CUST002440,2024-01-11,Fraud Report,Resolved,5.0
CMP000011,CUST000394,2024-07-29,Card Issue,Resolved,4.0
CMP000012,CUST000849,2024-05-10,App/Online Banking Issue,Resolved,2.0
CMP000013,CUST001375,2024-08-28,App/Online Banking Issue,Resolved,4.0
CMP000014,CUST001375,2024-06-07,Other,Resolved,2.0
CMP000015,CUST004025,2024-05-09,Other,Resolved,3.0
CMP000016,CUST001211,2024-12-18,Fee Dispute,Resolved,3.0
CMP000017,CUST001211,2024-12-12,Fraud Report,Escalated,3.0
CMP000018,CUST001211,2024-04-28,Fee Dispute,Closed - No Action,4.0
CMP000019,CUST001845,2024-09-20,App/Online Banking Issue,Pending,4.0
CMP000020,CUST002917,2024-11-26,Other,Resolved,1.0
CMP000021,CUST003077,2024-05-26,App/Online Banking Issue,Closed - No Action,1.0
CMP000022,CUST003358,2024-07-16,App/Online Banking Issue,Resolved,3.0
CMP000023,CUST000240,2024-09-10,Other,Escalated,3.0
CMP000024,CUST000506,2024-11-04,Card Issue,Closed - No Action,1.0
CMP000025,CUST000732,2024-11-23,App/Online Banking Issue,Pending,3.0
CMP000026,CUST001502,2024-07-05,Other,Resolved,5.0
CMP000027,CUST004447,2024-09-22,App/Online Banking Issue,Resolved,3.0
CMP000028,CUST001520,2024-02-14,Service Quality,Escalated,2.0
CMP000029,CUST004057,2024-08-27,Card Issue,Escalated,2.0
CMP000030,CUST001887,2024-06-23,Loan/Mortgage Query,Closed - No Action,5.0
CMP000031,CUST000228,2024-06-12,Service Quality,Escalated,5.0
CMP000032,CUST001836,2024-07-06,Service Quality,Closed - No Action,4.0
CMP000033,CUST000241,2024-10-24,Loan/Mortgage Query,Closed - No Action,1.0
CMP000034,CUST004363,2024-01-03,App/Online Banking Issue,Resolved,2.0
CMP000035,CUST004363,2024-03-02,Service Quality,Escalated,5.0
CMP000036,CUST000932,2024-08-28,Fraud Report,Resolved,4.0
CMP000037,CUST002875,2024-09-08,Service Quality,Pending,
CMP000038,CUST003775,2024-04-06,Service Quality,Pending,3.0
CMP000039,CUST002861,2024-01-20,Card Issue,Resolved,
CMP000040,CUST002861,2024-10-31,Card Issue,Pending,5.0
CMP000041,CUST002060,2024-07-08,App/Online Banking Issue,Closed - No Action,4.0
CMP000042,CUST002945,2024-10-22,Fee Dispute,Resolved,
CMP000043,CUST000692,2024-03-18,Other,Escalated,2.0
CMP000044,CUST003660,2024-04-14,Loan/Mortgage Query,Resolved,3.0
CMP000045,CUST000013,2024-12-24,Fee Dispute,Resolved,3.0
CMP000046,CUST002023,2024-10-01,Fraud Report,Pending,2.0
CMP000047,CUST003740,2024-03-25,Other,Closed - No Action,1.0
CMP000048,CUST004954,2024-12-11,Other,Resolved,4.0
CMP000049,CUST004326,2024-10-06,Service Quality,Pending,3.0
CMP000050,CUST003440,2024-06-15,Service Quality,Pending,4.0
CMP000051,CUST001515,2024-07-11,Card Issue,Pending,1.0
CMP000052,CUST001515,2024-12-19,Card Issue,Resolved,2.0
CMP000053,CUST004890,2024-03-31,Fee Dispute,Resolved,3.0
CMP000054,CUST001651,2024-07-20,Service Quality,Pending,
CMP000055,CUST003789,2024-09-10,Fee Dispute,Closed - No Action,4.0
CMP000056,CUST001771,2024-11-11,App/Online Banking Issue,Pending,4.0
CMP000057,CUST001035,2024-05-11,Fee Dispute,Pending,1.0
CMP000058,CUST004926,2024-08-11,Fee Dispute,Pending,1.0
CMP000059,CUST002548,2024-11-22,App/Online Banking Issue,Closed - No Action,1.0
CMP000060,CUST002548,2024-08-07,Card Issue,Resolved,5.0
CMP000061,CUST003464,2024-12-14,Card Issue,Closed - No Action,1.0
CMP000062,CUST002058,2024-08-10,Other,Resolved,4.0
CMP000063,CUST001483,2024-05-29,Fee Dispute,Escalated,4.0
CMP000064,CUST003811,2024-09-30,Service Quality,Pending,2.0
CMP000065,CUST000136,2024-10-24,Fee Dispute,Pending,5.0
CMP000066,CUST004595,2024-12-28,Loan/Mortgage Query,Escalated,2.0
CMP000067,CUST004932,2024-01-16,App/Online Banking Issue,Closed - No Action,4.0
CMP000068,CUST003127,2024-02-23,Fraud Report,Resolved,2.0
CMP000069,CUST001449,2024-01-31,Card Issue,Closed - No Action,3.0
CMP000070,CUST001449,2024-03-10,Card Issue,Escalated,2.0
CMP000071,CUST003052,2024-11-29,Service Quality,Pending,3.0
CMP000072,CUST001176,2024-07-02,Service Quality,Pending,2.0
CMP000073,CUST001176,2024-07-03,Other,Closed - No Action,3.0
CMP000074,CUST003324,2024-03-26,Card Issue,Escalated,5.0
CMP000075,CUST001002,2024-08-24,Other,Resolved,1.0
CMP000076,CUST003115,2024-11-03,Card Issue,Pending,2.0
CMP000077,CUST004622,2024-02-17,App/Online Banking Issue,Escalated,
CMP000078,CUST003656,2024-10-01,Service Quality,Escalated,2.0
CMP000079,CUST003555,2024-01-21,Fee Dispute,Escalated,5.0
CMP000080,CUST003122,2024-06-26,Fee Dispute,Closed - No Action,5.0
CMP000081,CUST002601,2024-01-18,Fee Dispute,Pending,
CMP000082,CUST001770,2024-10-16,Card Issue,Pending,4.0
CMP000083,CUST000622,2024-07-03,Fraud Report,Pending,3.0
CMP000084,CUST001540,2024-02-18,Fee Dispute,Resolved,5.0
CMP000085,CUST004173,2024-05-10,Other,Pending,5.0
CMP000086,CUST004173,2024-03-18,App/Online Banking Issue,Closed - No Action,2.0
CMP000087,CUST004173,2024-12-05,Service Quality,Resolved,3.0
CMP000088,CUST003270,2024-03-01,Fee Dispute,Pending,5.0
CMP000089,CUST003083,2024-09-21,Fraud Report,Escalated,1.0
CMP000090,CUST002887,2024-06-20,Fee Dispute,Resolved,4.0
CMP000091,CUST004268,2024-05-18,Service Quality,Escalated,5.0
CMP000092,CUST004268,2024-06-18,App/Online Banking Issue,Pending,4.0
CMP000093,CUST000135,2024-11-15,Card Issue,Escalated,3.0
CMP000094,CUST002043,2024-01-18,Service Quality,Escalated,4.0
CMP000095,CUST000185,2024-07-26,App/Online Banking Issue,Escalated,2.0
CMP000096,CUST000512,2024-05-17,Other,Escalated,4.0
CMP000097,CUST000512,2024-07-24,Fraud Report,Pending,5.0
CMP000098,CUST000512,2024-04-25,Loan/Mortgage Query,Escalated,5.0
CMP000099,CUST003486,2024-04-30,Loan/Mortgage Query,Pending,2.0
CMP000100,CUST000123,2024-09-07,App/Online Banking Issue,Pending,5.0
CMP000101,CUST004380,2024-02-07,Other,Resolved,5.0
CMP000102,CUST004380,2024-01-24,App/Online Banking Issue,Closed - No Action,4.0
CMP000103,CUST001537,2024-02-12,Other,Closed - No Action,1.0
CMP000104,CUST002464,2024-06-11,Fee Dispute,Escalated,3.0
CMP000105,CUST002464,2024-09-14,Card Issue,Pending,3.0
CMP000106,CUST004889,2024-02-25,Fraud Report,Pending,4.0
CMP000107,CUST002270,2024-01-29,Card Issue,Resolved,4.0
CMP000108,CUST002593,2024-08-25,Loan/Mortgage Query,Escalated,1.0
CMP000109,CUST004953,2024-10-21,Other,Closed - No Action,3.0
CMP000110,CUST000528,2024-08-20,Fraud Report,Closed - No Action,5.0
CMP000111,CUST002340,2024-11-13,Service Quality,Pending,4.0
CMP000112,CUST004310,2024-02-29,Other,Escalated,5.0
CMP000113,CUST001127,2024-02-24,App/Online Banking Issue,Closed - No Action,4.0
CMP000114,CUST003903,2024-11-14,Fee Dispute,Closed - No Action,5.0
CMP000115,CUST003903,2024-11-04,Card Issue,Pending,5.0
CMP000116,CUST004597,2024-11-18,Card Issue,Closed - No Action,2.0
CMP000117,CUST000284,2024-04-20,App/Online Banking Issue,Resolved,1.0
CMP000118,CUST003923,2024-07-07,App/Online Banking Issue,Escalated,4.0
CMP000119,CUST003923,2024-05-26,Fee Dispute,Pending,5.0
CMP000120,CUST001787,2024-02-10,Service Quality,Resolved,5.0
CMP000121,CUST002118,2024-11-07,App/Online Banking Issue,Closed - No Action,1.0
CMP000122,CUST004679,2024-04-04,Fraud Report,Resolved,1.0
CMP000123,CUST003340,2024-01-04,Other,Closed - No Action,2.0
CMP000124,CUST001722,2024-06-18,Service Quality,Pending,3.0
CMP000125,CUST004915,2024-04-19,Fraud Report,Pending,1.0
CMP000126,CUST004787,2024-02-18,Service Quality,Closed - No Action,2.0
CMP000127,CUST004787,2024-12-16,Loan/Mortgage Query,Resolved,3.0
CMP000128,CUST004673,2024-10-23,Other,Resolved,3.0
CMP000129,CUST000219,2024-06-29,App/Online Banking Issue,Resolved,3.0
CMP000130,CUST004967,2024-12-31,Fraud Report,Resolved,
CMP000131,CUST003078,2024-03-26,Card Issue,Pending,4.0
CMP000132,CUST001747,2024-06-27,Service Quality,Pending,4.0
CMP000133,CUST003439,2024-09-22,Card Issue,Pending,
CMP000134,CUST002093,2024-09-29,Service Quality,Closed - No Action,3.0
CMP000135,CUST001097,2024-01-10,Fraud Report,Pending,2.0
CMP000136,CUST000569,2024-12-12,Fraud Report,Escalated,3.0
CMP000137,CUST004430,2024-01-16,App/Online Banking Issue,Escalated,3.0
CMP000138,CUST000451,2024-10-14,Other,Resolved,5.0
CMP000139,CUST000451,2024-08-16,App/Online Banking Issue,Closed - No Action,4.0
CMP000140,CUST002570,2024-10-26,Fraud Report,Resolved,3.0
CMP000141,CUST002570,2024-07-08,Card Issue,Closed - No Action,1.0
CMP000142,CUST002570,2024-12-07,Service Quality,Closed - No Action,5.0
CMP000143,CUST002570,2024-08-23,Other,Resolved,4.0
CMP000144,CUST003099,2024-02-04,Service Quality,Closed - No Action,4.0
CMP000145,CUST003099,2024-09-09,Card Issue,Resolved,3.0
CMP000146,CUST002573,2024-06-06,Fraud Report,Pending,5.0
CMP000147,CUST004279,2024-10-30,Other,Closed - No Action,5.0
CMP000148,CUST003759,2024-09-05,App/Online Banking Issue,Resolved,3.0
CMP000149,CUST000153,2024-10-09,Loan/Mortgage Query,Escalated,2.0
CMP000150,CUST002513,2024-07-19,Fee Dispute,Resolved,4.0
CMP000151,CUST001109,2024-07-04,Fee Dispute,Closed - No Action,4.0
CMP000152,CUST000680,2024-08-16,Loan/Mortgage Query,Resolved,3.0
CMP000153,CUST003519,2024-09-15,Loan/Mortgage Query,Closed - No Action,3.0
CMP000154,CUST003519,2024-02-29,Service Quality,Escalated,4.0
CMP000155,CUST000628,2024-10-22,Other,Resolved,3.0
CMP000156,CUST004913,2024-08-10,Other,Escalated,5.0
CMP000157,CUST003373,2024-01-20,Fraud Report,Pending,5.0
CMP000158,CUST004457,2024-08-31,App/Online Banking Issue,Pending,5.0
CMP000159,CUST004457,2024-01-20,Other,Escalated,4.0
CMP000160,CUST004630,2024-06-27,Fraud Report,Closed - No Action,5.0
CMP000161,CUST001745,2024-04-13,Loan/Mortgage Query,Pending,1.0
CMP000162,CUST004490,2024-05-21,Fraud Report,Escalated,4.0
CMP000163,CUST003280,2024-12-16,Other,Closed - No Action,3.0
CMP000164,CUST001895,2024-05-14,Service Quality,Resolved,1.0
CMP000165,CUST000790,2024-11-12,Other,Resolved,1.0
CMP000166,CUST001584,2024-06-13,Fraud Report,Escalated,5.0
CMP000167,CUST000872,2024-03-21,Card Issue,Escalated,1.0
CMP000168,CUST001376,2024-02-08,Loan/Mortgage Query,Escalated,2.0
CMP000169,CUST000074,2024-08-14,Service Quality,Pending,4.0
CMP000170,CUST000074,2024-05-16,Fraud Report,Closed - No Action,1.0
CMP000171,CUST000074,2024-08-04,Other,Resolved,4.0
CMP000172,CUST002834,2024-12-06,Other,Pending,
CMP000173,CUST002834,2024-11-08,App/Online Banking Issue,Closed - No Action,4.0
CMP000174,CUST003762,2024-04-11,App/Online Banking Issue,Resolved,1.0
CMP000175,CUST002300,2024-09-12,Service Quality,Escalated,2.0
CMP000176,CUST002689,2024-01-27,Fee Dispute,Resolved,5.0
CMP000177,CUST000248,2024-01-15,Other,Escalated,5.0
CMP000178,CUST000248,2024-06-03,Loan/Mortgage Query,Closed - No Action,5.0
CMP000179,CUST000248,2024-08-18,App/Online Banking Issue,Resolved,3.0
CMP000180,CUST003064,2024-08-14,App/Online Banking Issue,Closed - No Action,5.0
CMP000181,CUST002925,2024-02-11,Service Quality,Resolved,4.0
CMP000182,CUST000491,2024-04-28,Loan/Mortgage Query,Resolved,5.0
CMP000183,CUST000507,2024-03-21,App/Online Banking Issue,Escalated,3.0
CMP000184,CUST000507,2024-01-08,Fee Dispute,Pending,5.0
CMP000185,CUST001223,2024-11-02,Service Quality,Escalated,1.0
CMP000186,CUST001993,2024-05-09,Fraud Report,Escalated,5.0
CMP000187,CUST001993,2024-04-20,Loan/Mortgage Query,Closed - No Action,4.0
CMP000188,CUST003442,2024-10-10,Service Quality,Escalated,2.0
CMP000189,CUST003442,2024-05-06,Fee Dispute,Pending,5.0
CMP000190,CUST002992,2024-07-31,Fee Dispute,Pending,1.0
CMP000191,CUST000616,2024-12-11,Fraud Report,Pending,3.0
CMP000192,CUST000616,2024-02-28,Card Issue,Resolved,1.0
CMP000193,CUST000616,2024-10-22,Fee Dispute,Closed - No Action,5.0
CMP000194,CUST001069,2024-06-21,Fee Dispute,Escalated,1.0
CMP000195,CUST004711,2024-11-20,Other,Pending,1.0
CMP000196,CUST000756,2024-06-03,Other,Resolved,4.0
CMP000197,CUST000519,2024-05-21,Loan/Mortgage Query,Closed - No Action,4.0
CMP000198,CUST002940,2024-05-08,Other,Pending,
CMP000199,CUST002111,2024-02-19,Service Quality,Escalated,5.0
CMP000200,CUST001457,2024-02-12,Service Quality,Closed - No Action,2.0
CMP000201,CUST001457,2024-08-28,Loan/Mortgage Query,Escalated,3.0
CMP000202,CUST003698,2024-05-20,Service Quality,Pending,2.0
CMP000203,CUST001197,2024-02-22,Fraud Report,Closed - No Action,5.0
CMP000204,CUST001197,2024-06-27,Other,Escalated,2.0
CMP000205,CUST003932,2024-02-14,Service Quality,Closed - No Action,1.0
CMP000206,CUST000649,2024-10-29,Fraud Report,Pending,
CMP000207,CUST002665,2024-10-29,Fraud Report,Escalated,
CMP000208,CUST000979,2024-09-07,Other,Closed - No Action,5.0
CMP000209,CUST000691,2024-07-02,Service Quality,Pending,3.0
CMP000210,CUST002293,2024-10-11,Fraud Report,Pending,2.0
CMP000211,CUST000577,2024-03-17,App/Online Banking Issue,Escalated,2.0
CMP000212,CUST000577,2024-01-22,Card Issue,Pending,1.0
CMP000213,CUST000889,2024-02-13,Loan/Mortgage Query,Closed - No Action,5.0
CMP000214,CUST000818,2024-11-07,Fee Dispute,Resolved,
CMP000215,CUST000818,2024-02-02,Fee Dispute,Pending,4.0
CMP000216,CUST000209,2024-08-28,Fee Dispute,Pending,1.0
CMP000217,CUST004998,2024-07-27,Fee Dispute,Resolved,2.0
CMP000218,CUST002604,2024-07-20,Fraud Report,Escalated,2.0
CMP000219,CUST004169,2024-06-19,Card Issue,Closed - No Action,
CMP000220,CUST002858,2024-03-16,Fee Dispute,Closed - No Action,1.0
CMP000221,CUST001480,2024-08-05,Fraud Report,Escalated,2.0
CMP000222,CUST002214,2024-03-27,Card Issue,Resolved,2.0
CMP000223,CUST002479,2024-06-14,Other,Escalated,4.0
CMP000224,CUST002479,2024-06-19,Service Quality,Closed - No Action,5.0
CMP000225,CUST002479,2024-07-30,App/Online Banking Issue,Pending,3.0
CMP000226,CUST003363,2024-07-04,Card Issue,Pending,3.0
CMP000227,CUST004591,2024-05-16,Service Quality,Closed - No Action,2.0
CMP000228,CUST004591,2024-12-03,Fraud Report,Escalated,5.0
CMP000229,CUST002120,2024-05-16,Card Issue,Escalated,4.0
CMP000230,CUST002120,2024-02-20,Service Quality,Resolved,2.0
CMP000231,CUST004982,2024-12-30,Other,Pending,5.0
CMP000232,CUST004861,2024-08-15,Loan/Mortgage Query,Escalated,
CMP000233,CUST000648,2024-12-21,App/Online Banking Issue,Closed - No Action,5.0
CMP000234,CUST004580,2024-01-14,Card Issue,Resolved,3.0
CMP000235,CUST001590,2024-10-14,Other,Pending,1.0
CMP000236,CUST000683,2024-07-30,App/Online Banking Issue,Closed - No Action,4.0
CMP000237,CUST000480,2024-07-05,Card Issue,Escalated,
CMP000238,CUST000287,2024-09-07,Other,Resolved,4.0
CMP000239,CUST002743,2024-09-16,Fee Dispute,Escalated,2.0
CMP000240,CUST000737,2024-02-28,Other,Pending,1.0
CMP000241,CUST004407,2024-10-22,App/Online Banking Issue,Closed - No Action,
CMP000242,CUST002338,2024-12-22,Other,Resolved,
CMP000243,CUST000558,2024-05-20,Loan/Mortgage Query,Pending,4.0
CMP000244,CUST000558,2024-02-26,Loan/Mortgage Query,Closed - No Action,2.0
CMP000245,CUST000558,2024-07-04,Card Issue,Resolved,
CMP000246,CUST003353,2024-08-13,Card Issue,Closed - No Action,2.0
CMP000247,CUST000246,2024-06-22,Card Issue,Closed - No Action,5.0
CMP000248,CUST000246,2024-12-16,Fraud Report,Closed - No Action,2.0
CMP000249,CUST003216,2024-07-15,App/Online Banking Issue,Resolved,4.0
CMP000250,CUST003092,2024-09-01,Fee Dispute,Pending,4.0
CMP000251,CUST003160,2024-09-04,Fee Dispute,Pending,
CMP000252,CUST003962,2024-07-31,Loan/Mortgage Query,Resolved,2.0
CMP000253,CUST003266,2024-03-16,Card Issue,Escalated,1.0
CMP000254,CUST000104,2024-03-23,Other,Escalated,3.0
CMP000255,CUST004396,2024-04-02,Fee Dispute,Pending,5.0
CMP000256,CUST004396,2024-12-30,Loan/Mortgage Query,Resolved,5.0
CMP000257,CUST004396,2024-12-12,Card Issue,Closed - No Action,
CMP000258,CUST000139,2024-10-02,Other,Escalated,3.0
CMP000259,CUST002446,2024-01-30,Loan/Mortgage Query,Closed - No Action,1.0
CMP000260,CUST003880,2024-06-16,Service Quality,Resolved,4.0
CMP000261,CUST000369,2024-10-04,Other,Resolved,1.0
CMP000262,CUST002946,2024-10-27,Other,Resolved,2.0
CMP000263,CUST002946,2024-03-15,Loan/Mortgage Query,Escalated,
CMP000264,CUST002196,2024-05-27,Service Quality,Resolved,1.0
CMP000265,CUST003695,2024-02-26,Other,Pending,5.0
CMP000266,CUST003695,2024-08-11,Other,Resolved,
CMP000267,CUST003385,2024-10-23,Loan/Mortgage Query,Resolved,4.0
CMP000268,CUST002975,2024-08-08,Fee Dispute,Escalated,4.0
CMP000269,CUST001217,2024-05-06,App/Online Banking Issue,Escalated,4.0
CMP000270,CUST001692,2024-03-14,Other,Closed - No Action,1.0
CMP000271,CUST003910,2024-11-08,Fee Dispute,Resolved,3.0
CMP000272,CUST002276,2024-03-20,Other,Closed - No Action,
CMP000273,CUST002276,2024-03-24,Fee Dispute,Escalated,1.0
CMP000274,CUST002830,2024-06-18,Card Issue,Resolved,5.0
CMP000275,CUST003101,2024-06-12,Card Issue,Pending,1.0
CMP000276,CUST002772,2024-12-30,App/Online Banking Issue,Escalated,3.0
CMP000277,CUST002772,2024-10-12,Card Issue,Resolved,3.0
CMP000278,CUST004555,2024-09-06,Other,Resolved,
CMP000279,CUST003636,2024-12-22,Service Quality,Pending,2.0
CMP000280,CUST003636,2024-12-04,Fraud Report,Escalated,4.0
CMP000281,CUST002489,2024-02-06,Fraud Report,Pending,1.0
CMP000282,CUST002417,2024-06-26,Fraud Report,Resolved,3.0
CMP000283,CUST004439,2024-07-29,Fee Dispute,Pending,2.0
CMP000284,CUST002590,2024-02-23,Fee Dispute,Pending,4.0
CMP000285,CUST004946,2024-10-11,Service Quality,Escalated,3.0
CMP000286,CUST004946,2024-08-18,Other,Escalated,5.0
CMP000287,CUST001761,2024-04-05,App/Online Banking Issue,Resolved,
CMP000288,CUST001974,2024-01-14,Other,Resolved,3.0
CMP000289,CUST002019,2024-07-27,Loan/Mortgage Query,Resolved,2.0
CMP000290,CUST000431,2024-09-24,Card Issue,Pending,3.0
CMP000291,CUST001357,2024-01-09,Fraud Report,Resolved,5.0
CMP000292,CUST004097,2024-06-08,Service Quality,Closed - No Action,1.0
CMP000293,CUST000701,2024-05-04,Card Issue,Closed - No Action,2.0
CMP000294,CUST001456,2024-11-07,Fee Dispute,Escalated,1.0
CMP000295,CUST004248,2024-12-22,Card Issue,Closed - No Action,1.0
CMP000296,CUST002136,2024-04-13,Other,Escalated,4.0
CMP000297,CUST000753,2024-04-03,Card Issue,Closed - No Action,2.0
CMP000298,CUST002229,2024-09-02,Fee Dispute,Pending,3.0
CMP000299,CUST000730,2024-05-15,Card Issue,Resolved,4.0
CMP000300,CUST000730,2024-05-11,Loan/Mortgage Query,Escalated,2.0
CMP000301,CUST001746,2024-11-25,Loan/Mortgage Query,Resolved,3.0
CMP000302,CUST004902,2024-03-01,Card Issue,Escalated,1.0
CMP000303,CUST004527,2024-07-01,Card Issue,Resolved,2.0
CMP000304,CUST004825,2024-07-01,Fee Dispute,Escalated,5.0
CMP000305,CUST000977,2024-09-19,Fraud Report,Pending,2.0
CMP000306,CUST000661,2024-05-20,Service Quality,Escalated,1.0
CMP000307,CUST003690,2024-11-06,Service Quality,Escalated,4.0
CMP000308,CUST004356,2024-04-23,Fee Dispute,Pending,2.0
CMP000309,CUST004401,2024-03-20,App/Online Banking Issue,Closed - No Action,3.0
CMP000310,CUST003876,2024-07-19,Fee Dispute,Closed - No Action,4.0
CMP000311,CUST003871,2024-10-27,Service Quality,Closed - No Action,
CMP000312,CUST000142,2024-10-03,Service Quality,Closed - No Action,4.0
CMP000313,CUST001378,2024-08-15,Other,Resolved,5.0
CMP000314,CUST001378,2024-07-11,Fee Dispute,Escalated,2.0
CMP000315,CUST001788,2024-10-07,Loan/Mortgage Query,Closed - No Action,3.0
CMP000316,CUST002315,2024-12-26,Loan/Mortgage Query,Resolved,1.0
CMP000317,CUST002993,2024-01-19,Other,Closed - No Action,5.0
CMP000318,CUST002993,2024-02-11,Other,Closed - No Action,1.0
CMP000319,CUST002993,2024-08-25,Loan/Mortgage Query,Closed - No Action,4.0
CMP000320,CUST002993,2024-04-10,Loan/Mortgage Query,Closed - No Action,4.0
CMP000321,CUST004720,2024-01-25,Card Issue,Resolved,1.0
CMP000322,CUST001699,2024-03-16,Service Quality,Resolved,3.0
CMP000323,CUST003035,2024-11-03,Loan/Mortgage Query,Pending,1.0
CMP000324,CUST004837,2024-05-17,Other,Closed - No Action,2.0
CMP000325,CUST004837,2024-09-29,Service Quality,Pending,5.0
CMP000326,CUST004837,2024-03-11,Fraud Report,Pending,2.0
CMP000327,CUST002452,2024-09-13,Card Issue,Pending,3.0
CMP000328,CUST002179,2024-04-03,Fee Dispute,Escalated,5.0
CMP000329,CUST000269,2024-01-24,App/Online Banking Issue,Pending,5.0
CMP000330,CUST002224,2024-01-28,Other,Resolved,3.0
CMP000331,CUST000559,2024-01-26,Other,Closed - No Action,4.0
CMP000332,CUST000447,2024-01-02,Card Issue,Closed - No Action,3.0
CMP000333,CUST004971,2024-12-28,Fee Dispute,Pending,3.0
CMP000334,CUST004971,2024-09-23,App/Online Banking Issue,Resolved,
CMP000335,CUST004971,2024-07-23,Other,Pending,5.0
CMP000336,CUST003014,2024-03-22,Fraud Report,Resolved,5.0
CMP000337,CUST003014,2024-08-29,Card Issue,Escalated,2.0
CMP000338,CUST001728,2024-02-05,Fraud Report,Escalated,5.0
CMP000339,CUST001728,2024-11-21,Service Quality,Pending,4.0
CMP000340,CUST003899,2024-03-09,Card Issue,Escalated,4.0
CMP000341,CUST002070,2024-06-27,Fee Dispute,Pending,2.0
CMP000342,CUST002843,2024-09-12,Fee Dispute,Pending,2.0
CMP000343,CUST003604,2024-07-26,Other,Escalated,3.0
CMP000344,CUST004378,2024-04-09,Service Quality,Pending,5.0
CMP000345,CUST000876,2024-10-01,Fee Dispute,Escalated,2.0
CMP000346,CUST000548,2024-12-26,Card Issue,Resolved,4.0
CMP000347,CUST000548,2024-12-01,Other,Closed - No Action,5.0
CMP000348,CUST002536,2024-06-21,Loan/Mortgage Query,Resolved,4.0
CMP000349,CUST002793,2024-05-28,Fraud Report,Closed - No Action,
CMP000350,CUST004813,2024-10-08,Other,Pending,5.0
CMP000351,CUST001837,2024-01-26,App/Online Banking Issue,Closed - No Action,5.0
CMP000352,CUST001020,2024-02-28,Loan/Mortgage Query,Closed - No Action,1.0
CMP000353,CUST001327,2024-08-25,Service Quality,Closed - No Action,5.0
CMP000354,CUST003537,2024-02-13,Fee Dispute,Resolved,2.0
CMP000355,CUST000060,2024-10-23,Fraud Report,Resolved,5.0
CMP000356,CUST000060,2024-01-13,Fee Dispute,Escalated,5.0
CMP000357,CUST000188,2024-01-28,Service Quality,Resolved,5.0
CMP000358,CUST002699,2024-09-28,Card Issue,Closed - No Action,5.0
CMP000359,CUST002749,2024-11-23,Loan/Mortgage Query,Pending,4.0
CMP000360,CUST002749,2024-10-01,Loan/Mortgage Query,Resolved,5.0
CMP000361,CUST000698,2024-05-10,Other,Escalated,1.0
CMP000362,CUST001125,2024-12-28,Fee Dispute,Resolved,
CMP000363,CUST002160,2024-02-29,Service Quality,Closed - No Action,
CMP000364,CUST001135,2024-10-13,Fee Dispute,Resolved,3.0
CMP000365,CUST002156,2024-11-27,Service Quality,Pending,4.0
CMP000366,CUST002651,2024-10-22,Fee Dispute,Closed - No Action,
CMP000367,CUST001068,2024-07-30,Other,Escalated,
CMP000368,CUST001431,2024-01-09,Loan/Mortgage Query,Escalated,2.0
CMP000369,CUST004699,2024-06-30,Loan/Mortgage Query,Escalated,
CMP000370,CUST004699,2024-11-30,Other,Escalated,3.0
CMP000371,CUST002133,2024-01-24,Fee Dispute,Pending,1.0
CMP000372,CUST000780,2024-03-24,Fraud Report,Pending,5.0
CMP000373,CUST002816,2024-01-10,Service Quality,Resolved,4.0
CMP000374,CUST001689,2024-12-13,Other,Closed - No Action,4.0
CMP000375,CUST001689,2024-12-22,Service Quality,Pending,
CMP000376,CUST000783,2024-05-03,Loan/Mortgage Query,Pending,3.0
CMP000377,CUST003832,2024-05-01,Other,Escalated,4.0
CMP000378,CUST002894,2024-10-27,App/Online Banking Issue,Pending,2.0
CMP000379,CUST004632,2024-09-12,Card Issue,Closed - No Action,5.0
CMP000380,CUST000845,2024-04-03,Other,Resolved,1.0
CMP000381,CUST002723,2024-01-11,Fraud Report,Resolved,1.0
CMP000382,CUST002985,2024-03-31,Loan/Mortgage Query,Resolved,4.0
CMP000383,CUST000425,2024-03-30,Service Quality,Resolved,5.0
CMP000384,CUST003504,2024-03-02,Loan/Mortgage Query,Pending,
CMP000385,CUST003051,2024-08-20,Fee Dispute,Closed - No Action,1.0
CMP000386,CUST003051,2024-09-16,Fraud Report,Escalated,1.0
CMP000387,CUST004499,2024-09-27,Other,Resolved,1.0
CMP000388,CUST004499,2024-06-27,Card Issue,Pending,4.0
CMP000389,CUST003808,2024-11-04,Other,Closed - No Action,2.0
CMP000390,CUST002356,2024-10-20,Service Quality,Closed - No Action,2.0
CMP000391,CUST002356,2024-03-23,Fraud Report,Closed - No Action,5.0
CMP000392,CUST001447,2024-09-23,Fraud Report,Escalated,2.0
CMP000393,CUST000510,2024-04-22,App/Online Banking Issue,Resolved,
CMP000394,CUST000510,2024-08-06,App/Online Banking Issue,Resolved,3.0
CMP000395,CUST001404,2024-05-25,App/Online Banking Issue,Escalated,
CMP000396,CUST001404,2024-05-30,Fee Dispute,Closed - No Action,5.0
CMP000397,CUST004096,2024-04-10,App/Online Banking Issue,Pending,1.0
CMP000398,CUST001080,2024-11-27,Loan/Mortgage Query,Pending,3.0
CMP000399,CUST001080,2024-05-03,Service Quality,Pending,4.0
CMP000400,CUST002530,2024-01-17,Other,Closed - No Action,2.0
CMP000401,CUST002530,2024-11-28,Fraud Report,Closed - No Action,3.0
CMP000402,CUST002530,2024-04-06,Loan/Mortgage Query,Pending,2.0
CMP000403,CUST001677,2024-04-04,Fee Dispute,Resolved,
CMP000404,CUST004195,2024-09-10,Fraud Report,Closed - No Action,
CMP000405,CUST003708,2024-11-05,Fraud Report,Pending,3.0
CMP000406,CUST003485,2024-02-25,Service Quality,Pending,1.0
CMP000407,CUST004707,2024-09-15,App/Online Banking Issue,Escalated,3.0
CMP000408,CUST003040,2024-05-13,Loan/Mortgage Query,Closed - No Action,2.0
CMP000409,CUST001204,2024-09-20,Card Issue,Pending,4.0
CMP000410,CUST002011,2024-07-30,Card Issue,Escalated,1.0
CMP000411,CUST000341,2024-07-07,Service Quality,Pending,4.0
CMP000412,CUST003921,2024-10-12,Other,Closed - No Action,3.0
CMP000413,CUST003921,2024-02-26,Service Quality,Resolved,
CMP000414,CUST001272,2024-08-06,Fraud Report,Closed - No Action,2.0
CMP000415,CUST001272,2024-01-23,App/Online Banking Issue,Resolved,1.0
CMP000416,CUST001272,2024-02-13,Fraud Report,Resolved,5.0
CMP000417,CUST004681,2024-08-13,Other,Pending,3.0
CMP000418,CUST002563,2024-03-31,Other,Escalated,2.0
CMP000419,CUST000657,2024-08-03,Fraud Report,Escalated,3.0
CMP000420,CUST004563,2024-05-20,Other,Resolved,4.0
CMP000421,CUST003484,2024-01-02,App/Online Banking Issue,Pending,2.0
CMP000422,CUST003484,2024-12-10,Fraud Report,Escalated,1.0
CMP000423,CUST004974,2024-06-29,Loan/Mortgage Query,Pending,1.0
CMP000424,CUST004974,2024-03-23,App/Online Banking Issue,Escalated,2.0
CMP000425,CUST000073,2024-07-19,Loan/Mortgage Query,Resolved,3.0
CMP000426,CUST000073,2024-09-10,Card Issue,Closed - No Action,5.0
CMP000427,CUST003259,2024-01-02,Other,Escalated,2.0
CMP000428,CUST003259,2024-08-08,Card Issue,Pending,4.0
CMP000429,CUST004182,2024-08-23,Other,Resolved,1.0
CMP000430,CUST003379,2024-02-12,Loan/Mortgage Query,Closed - No Action,5.0
CMP000431,CUST003379,2024-11-05,Fee Dispute,Closed - No Action,4.0
CMP000432,CUST000816,2024-10-22,Card Issue,Escalated,1.0
CMP000433,CUST001101,2024-04-09,Other,Escalated,3.0
CMP000434,CUST000631,2024-06-20,Fee Dispute,Escalated,3.0
CMP000435,CUST001250,2024-10-28,Loan/Mortgage Query,Pending,5.0
CMP000436,CUST001250,2024-05-08,Fraud Report,Closed - No Action,4.0
CMP000437,CUST001250,2024-11-02,Fee Dispute,Resolved,
CMP000438,CUST001250,2024-04-23,App/Online Banking Issue,Escalated,3.0
CMP000439,CUST001250,2024-08-17,Fraud Report,Closed - No Action,3.0
CMP000440,CUST003896,2024-06-04,Card Issue,Pending,3.0
CMP000441,CUST003140,2024-01-28,Card Issue,Resolved,5.0
CMP000442,CUST000720,2024-07-28,App/Online Banking Issue,Pending,4.0
CMP000443,CUST004811,2024-12-28,Fraud Report,Pending,1.0
CMP000444,CUST002207,2024-11-26,Loan/Mortgage Query,Closed - No Action,5.0
CMP000445,CUST002138,2024-04-20,Card Issue,Escalated,2.0
CMP000446,CUST001682,2024-04-12,Card Issue,Closed - No Action,4.0
CMP000447,CUST001180,2024-03-23,Other,Closed - No Action,4.0
CMP000448,CUST001693,2024-05-11,Fee Dispute,Closed - No Action,
CMP000449,CUST003972,2024-12-21,Fraud Report,Closed - No Action,4.0
CMP000450,CUST000373,2024-06-08,App/Online Banking Issue,Pending,1.0
CMP000451,CUST000373,2024-10-22,Fee Dispute,Escalated,
CMP000452,CUST000787,2024-12-03,Service Quality,Resolved,5.0
CMP000453,CUST000141,2024-07-24,Other,Escalated,
CMP000454,CUST000141,2024-08-09,Loan/Mortgage Query,Pending,
CMP000455,CUST004544,2024-03-28,Loan/Mortgage Query,Resolved,4.0
CMP000456,CUST002841,2024-09-23,Card Issue,Closed - No Action,5.0
CMP000457,CUST002391,2024-01-03,Service Quality,Pending,2.0
CMP000458,CUST004569,2024-01-17,Service Quality,Resolved,2.0
CMP000459,CUST003611,2024-12-24,Loan/Mortgage Query,Pending,3.0
CMP000460,CUST002990,2024-03-23,Fraud Report,Pending,4.0
CMP000461,CUST003987,2024-09-27,Fraud Report,Escalated,5.0
CMP000462,CUST001497,2024-10-24,Fee Dispute,Closed - No Action,4.0
CMP000463,CUST004553,2024-09-12,Card Issue,Pending,1.0
CMP000464,CUST001638,2024-08-20,Fraud Report,Closed - No Action,2.0
CMP000465,CUST003136,2024-01-10,Card Issue,Resolved,4.0
CMP000466,CUST003902,2024-07-02,Fraud Report,Closed - No Action,5.0
CMP000467,CUST001365,2024-10-02,Other,Resolved,1.0
CMP000468,CUST003209,2024-02-16,Service Quality,Resolved,1.0
CMP000469,CUST002794,2024-02-16,Card Issue,Pending,5.0
CMP000470,CUST002432,2024-04-29,Other,Resolved,4.0
CMP000471,CUST002432,2024-03-08,Card Issue,Pending,
CMP000472,CUST003146,2024-07-04,Other,Pending,2.0
CMP000473,CUST003146,2024-09-10,Loan/Mortgage Query,Resolved,1.0
CMP000474,CUST002741,2024-12-01,Card Issue,Resolved,4.0
CMP000475,CUST000276,2024-06-21,Card Issue,Pending,1.0
CMP000476,CUST000276,2024-08-26,Card Issue,Pending,4.0
CMP000477,CUST004765,2024-05-02,Loan/Mortgage Query,Resolved,
CMP000478,CUST004150,2024-07-03,Card Issue,Pending,3.0
CMP000479,CUST003321,2024-09-11,Fraud Report,Pending,5.0
CMP000480,CUST003321,2024-01-06,Fee Dispute,Escalated,2.0
CMP000481,CUST003321,2024-08-10,Other,Pending,5.0
CMP000482,CUST001656,2024-09-17,Loan/Mortgage Query,Pending,4.0
CMP000483,CUST001308,2024-12-25,Fraud Report,Closed - No Action,2.0
CMP000484,CUST002361,2024-10-19,Service Quality,Resolved,1.0
CMP000485,CUST002361,2024-10-02,Fraud Report,Escalated,3.0
CMP000486,CUST002361,2024-12-05,App/Online Banking Issue,Pending,5.0
CMP000487,CUST000301,2024-05-16,Fee Dispute,Escalated,3.0
CMP000488,CUST001473,2024-12-09,Service Quality,Escalated,3.0
CMP000489,CUST000028,2024-05-04,Service Quality,Pending,1.0
CMP000490,CUST000504,2024-08-22,Other,Closed - No Action,1.0
CMP000491,CUST000608,2024-03-13,App/Online Banking Issue,Resolved,3.0
CMP000492,CUST002200,2024-01-15,App/Online Banking Issue,Pending,1.0
CMP000493,CUST002910,2024-11-30,Fraud Report,Resolved,3.0
CMP000494,CUST000353,2024-01-07,App/Online Banking Issue,Resolved,1.0
CMP000495,CUST003889,2024-09-18,Card Issue,Closed - No Action,5.0
CMP000496,CUST003497,2024-11-12,Service Quality,Pending,3.0
CMP000497,CUST001884,2024-08-13,Service Quality,Pending,1.0
CMP000498,CUST002242,2024-08-20,App/Online Banking Issue,Pending,4.0
CMP000499,CUST001769,2024-01-19,Other,Pending,5.0
CMP000500,CUST004257,2024-08-10,Card Issue,Closed - No Action,
CMP000501,CUST002044,2024-06-22,Fee Dispute,Closed - No Action,1.0
CMP000502,CUST003596,2024-03-05,Other,Closed - No Action,4.0
CMP000503,CUST000166,2024-04-14,App/Online Banking Issue,Pending,
CMP000504,CUST000166,2024-08-23,Service Quality,Escalated,4.0
CMP000505,CUST003677,2024-01-09,Service Quality,Pending,3.0
CMP000506,CUST003677,2024-08-31,Loan/Mortgage Query,Closed - No Action,4.0
CMP000507,CUST004987,2024-06-10,Other,Pending,1.0
CMP000508,CUST000395,2024-06-28,App/Online Banking Issue,Resolved,1.0
CMP000509,CUST002549,2024-02-13,Fraud Report,Closed - No Action,4.0
CMP000510,CUST001014,2024-08-01,Loan/Mortgage Query,Closed - No Action,5.0
CMP000511,CUST001014,2024-03-01,App/Online Banking Issue,Pending,5.0
CMP000512,CUST001014,2024-08-15,Other,Closed - No Action,4.0
CMP000513,CUST004958,2024-12-29,Fee Dispute,Resolved,3.0
CMP000514,CUST003623,2024-09-15,Other,Pending,
CMP000515,CUST003623,2024-05-24,Fraud Report,Resolved,2.0
CMP000516,CUST004586,2024-04-24,Card Issue,Resolved,3.0
CMP000517,CUST003687,2024-03-05,Service Quality,Pending,1.0
CMP000518,CUST003687,2024-06-12,Fee Dispute,Resolved,1.0
CMP000519,CUST002247,2024-03-27,Loan/Mortgage Query,Escalated,4.0
CMP000520,CUST001051,2024-06-21,Fee Dispute,Closed - No Action,2.0
CMP000521,CUST004175,2024-02-05,Loan/Mortgage Query,Closed - No Action,2.0
CMP000522,CUST000792,2024-01-24,Loan/Mortgage Query,Pending,1.0
CMP000523,CUST003202,2024-06-22,Fraud Report,Closed - No Action,2.0
CMP000524,CUST004992,2024-02-02,Other,Escalated,5.0
CMP000525,CUST000907,2024-11-10,Loan/Mortgage Query,Escalated,3.0
CMP000526,CUST003742,2024-07-12,Other,Resolved,3.0
CMP000527,CUST001031,2024-04-26,Loan/Mortgage Query,Closed - No Action,4.0
CMP000528,CUST003342,2024-01-05,Card Issue,Resolved,3.0
CMP000529,CUST003342,2024-01-23,Loan/Mortgage Query,Closed - No Action,2.0
CMP000530,CUST003846,2024-09-30,Card Issue,Closed - No Action,1.0
CMP000531,CUST002240,2024-02-16,Loan/Mortgage Query,Escalated,2.0
CMP000532,CUST002240,2024-09-07,Loan/Mortgage Query,Pending,5.0
CMP000533,CUST000278,2024-12-08,Other,Pending,3.0
CMP000534,CUST000572,2024-06-15,Fraud Report,Closed - No Action,5.0
CMP000535,CUST001008,2024-09-03,Other,Escalated,2.0
CMP000536,CUST000360,2024-07-10,Service Quality,Escalated,3.0
CMP000537,CUST000360,2024-04-10,Service Quality,Pending,4.0
CMP000538,CUST003905,2024-06-03,App/Online Banking Issue,Resolved,3.0
CMP000539,CUST003905,2024-08-24,Fee Dispute,Pending,4.0
CMP000540,CUST004940,2024-09-18,Other,Pending,1.0
CMP000541,CUST001549,2024-08-18,Service Quality,Closed - No Action,2.0
CMP000542,CUST002470,2024-05-15,Loan/Mortgage Query,Closed - No Action,5.0
CMP000543,CUST001717,2024-10-14,App/Online Banking Issue,Resolved,1.0
CMP000544,CUST001717,2024-08-01,App/Online Banking Issue,Resolved,3.0
CMP000545,CUST002864,2024-12-26,App/Online Banking Issue,Pending,5.0
CMP000546,CUST002864,2024-04-04,Other,Escalated,3.0
CMP000547,CUST002401,2024-02-20,Fee Dispute,Pending,
CMP000548,CUST002401,2024-09-20,Loan/Mortgage Query,Resolved,3.0
CMP000549,CUST002401,2024-12-15,Other,Pending,4.0
CMP000550,CUST003219,2024-08-10,Fraud Report,Closed - No Action,2.0
CMP000551,CUST004983,2024-03-21,Service Quality,Escalated,
CMP000552,CUST001712,2024-11-06,Card Issue,Pending,4.0
CMP000553,CUST000984,2024-01-27,Fee Dispute,Escalated,1.0
CMP000554,CUST001561,2024-06-20,Fee Dispute,Resolved,5.0
CMP000555,CUST001561,2024-11-14,App/Online Banking Issue,Escalated,
CMP000556,CUST001561,2024-03-15,App/Online Banking Issue,Pending,3.0
CMP000557,CUST001641,2024-08-19,Loan/Mortgage Query,Pending,4.0
CMP000558,CUST001291,2024-05-22,Fee Dispute,Escalated,1.0
CMP000559,CUST000781,2024-07-24,Card Issue,Pending,5.0
CMP000560,CUST000160,2024-12-01,Card Issue,Pending,4.0
CMP000561,CUST000160,2024-06-29,App/Online Banking Issue,Closed - No Action,5.0
CMP000562,CUST004675,2024-08-01,Loan/Mortgage Query,Resolved,3.0
CMP000563,CUST002554,2024-02-12,Other,Resolved,1.0
CMP000564,CUST002801,2024-02-04,Other,Pending,5.0
CMP000565,CUST003402,2024-12-11,Card Issue,Resolved,3.0
CMP000566,CUST003900,2024-12-31,App/Online Banking Issue,Resolved,4.0
CMP000567,CUST002274,2024-03-30,Card Issue,Closed - No Action,2.0
CMP000568,CUST001869,2024-12-04,Other,Closed - No Action,
CMP000569,CUST000807,2024-08-06,Fraud Report,Escalated,1.0
CMP000570,CUST003866,2024-10-24,Fraud Report,Closed - No Action,3.0
CMP000571,CUST000146,2024-02-10,Service Quality,Closed - No Action,4.0
CMP000572,CUST001166,2024-12-27,Loan/Mortgage Query,Resolved,3.0
CMP000573,CUST001166,2024-12-26,Loan/Mortgage Query,Resolved,3.0
CMP000574,CUST003501,2024-01-23,Service Quality,Closed - No Action,
CMP000575,CUST001263,2024-07-28,Loan/Mortgage Query,Closed - No Action,1.0
CMP000576,CUST000272,2024-03-14,Fraud Report,Closed - No Action,3.0
CMP000577,CUST003912,2024-05-15,Fraud Report,Closed - No Action,4.0
CMP000578,CUST003912,2024-04-07,Loan/Mortgage Query,Escalated,4.0
CMP000579,CUST003912,2024-07-22,Card Issue,Resolved,1.0
CMP000580,CUST001298,2024-04-24,App/Online Banking Issue,Escalated,1.0
CMP000581,CUST003469,2024-02-28,Fraud Report,Closed - No Action,
CMP000582,CUST002545,2024-07-02,Fee Dispute,Escalated,3.0
CMP000583,CUST000364,2024-04-02,Service Quality,Closed - No Action,1.0
CMP000584,CUST000364,2024-11-17,Service Quality,Pending,5.0
CMP000585,CUST000364,2024-11-06,Loan/Mortgage Query,Pending,5.0
CMP000586,CUST000364,2024-04-01,Loan/Mortgage Query,Closed - No Action,
CMP000587,CUST002236,2024-04-19,Card Issue,Resolved,2.0
CMP000588,CUST004348,2024-03-11,Fraud Report,Pending,
CMP000589,CUST004348,2024-03-09,Service Quality,Escalated,2.0
CMP000590,CUST000935,2024-02-17,Service Quality,Pending,2.0
CMP000591,CUST000137,2024-12-16,Fraud Report,Pending,1.0
CMP000592,CUST000137,2024-08-11,Loan/Mortgage Query,Escalated,3.0
CMP000593,CUST004442,2024-03-10,Fraud Report,Pending,4.0
CMP000594,CUST001040,2024-07-20,Fee Dispute,Escalated,2.0
CMP000595,CUST004842,2024-07-12,App/Online Banking Issue,Resolved,4.0
CMP000596,CUST004842,2024-04-24,Card Issue,Closed - No Action,5.0
CMP000597,CUST003360,2024-06-08,App/Online Banking Issue,Pending,1.0
CMP000598,CUST000047,2024-10-29,Service Quality,Pending,5.0
CMP000599,CUST002514,2024-03-08,Loan/Mortgage Query,Pending,
CMP000600,CUST002422,2024-02-26,Service Quality,Closed - No Action,1.0
CMP000601,CUST003664,2024-12-27,Fraud Report,Closed - No Action,4.0
CMP000602,CUST002572,2024-02-24,Card Issue,Closed - No Action,2.0
CMP000603,CUST000172,2024-07-14,Fraud Report,Closed - No Action,4.0
CMP000604,CUST004249,2024-04-02,Other,Escalated,4.0
CMP000605,CUST004350,2024-09-20,Fee Dispute,Resolved,3.0
CMP000606,CUST000025,2024-05-15,Fraud Report,Closed - No Action,5.0
CMP000607,CUST003522,2024-04-26,Fraud Report,Resolved,5.0
CMP000608,CUST000154,2024-01-07,App/Online Banking Issue,Resolved,3.0
CMP000609,CUST003620,2024-09-04,Fraud Report,Closed - No Action,5.0
CMP000610,CUST004083,2024-09-15,Loan/Mortgage Query,Resolved,5.0
CMP000611,CUST000149,2024-06-07,Fraud Report,Pending,4.0
CMP000612,CUST000029,2024-09-01,Service Quality,Resolved,5.0
CMP000613,CUST002954,2024-01-28,App/Online Banking Issue,Pending,
CMP000614,CUST002869,2024-10-16,App/Online Banking Issue,Escalated,4.0
CMP000615,CUST002316,2024-03-07,Other,Resolved,1.0
CMP000616,CUST000168,2024-12-22,Fraud Report,Closed - No Action,4.0
CMP000617,CUST003925,2024-10-23,Card Issue,Resolved,
CMP000618,CUST002176,2024-08-22,Loan/Mortgage Query,Pending,5.0
CMP000619,CUST002658,2024-03-10,Other,Closed - No Action,5.0
CMP000620,CUST003181,2024-10-16,App/Online Banking Issue,Resolved,5.0
CMP000621,CUST002542,2024-08-12,Service Quality,Escalated,4.0
CMP000622,CUST003230,2024-03-21,Service Quality,Resolved,4.0
CMP000623,CUST003230,2024-11-03,Loan/Mortgage Query,Closed - No Action,2.0
CMP000624,CUST002762,2024-07-24,Loan/Mortgage Query,Closed - No Action,1.0
CMP000625,CUST001304,2024-03-16,Service Quality,Closed - No Action,5.0
CMP000626,CUST001304,2024-01-30,Fraud Report,Pending,4.0
CMP000627,CUST001556,2024-08-22,Fee Dispute,Escalated,5.0
CMP000628,CUST004589,2024-10-17,Fraud Report,Resolved,2.0
CMP000629,CUST004589,2024-01-08,Fee Dispute,Escalated,2.0
CMP000630,CUST003595,2024-08-19,App/Online Banking Issue,Pending,4.0
CMP000631,CUST004455,2024-02-04,App/Online Banking Issue,Resolved,
CMP000632,CUST000823,2024-08-09,Fee Dispute,Resolved,5.0
CMP000633,CUST000823,2024-07-24,App/Online Banking Issue,Pending,4.0
CMP000634,CUST000165,2024-05-07,Fraud Report,Escalated,5.0
CMP000635,CUST000452,2024-07-17,App/Online Banking Issue,Closed - No Action,3.0
CMP000636,CUST000313,2024-03-29,Fraud Report,Resolved,4.0
CMP000637,CUST003463,2024-04-22,Fraud Report,Resolved,3.0
CMP000638,CUST003548,2024-10-17,Other,Closed - No Action,3.0
CMP000639,CUST002135,2024-05-04,Service Quality,Pending,3.0
CMP000640,CUST004065,2024-07-08,Fraud Report,Escalated,2.0
CMP000641,CUST000778,2024-12-12,Card Issue,Resolved,3.0
CMP000642,CUST002718,2024-10-27,Loan/Mortgage Query,Closed - No Action,2.0
CMP000643,CUST002718,2024-08-24,Fee Dispute,Pending,3.0
CMP000644,CUST002718,2024-02-09,Service Quality,Closed - No Action,4.0
CMP000645,CUST003503,2024-10-26,Card Issue,Pending,
CMP000646,CUST003418,2024-09-24,Fraud Report,Closed - No Action,2.0
CMP000647,CUST001793,2024-01-08,App/Online Banking Issue,Pending,5.0
CMP000648,CUST004415,2024-06-03,Card Issue,Pending,4.0
CMP000649,CUST000127,2024-06-18,Loan/Mortgage Query,Escalated,5.0
CMP000650,CUST000127,2024-03-19,Fraud Report,Resolved,3.0
CMP000651,CUST000127,2024-12-22,Fraud Report,Resolved,4.0
CMP000652,CUST004855,2024-10-27,Loan/Mortgage Query,Resolved,
CMP000653,CUST003326,2024-04-29,Service Quality,Escalated,5.0
CMP000654,CUST000794,2024-04-06,Other,Closed - No Action,2.0
CMP000655,CUST002892,2024-07-19,Fee Dispute,Pending,3.0
CMP000656,CUST002854,2024-11-20,Fee Dispute,Resolved,2.0
CMP000657,CUST002598,2024-10-05,Card Issue,Closed - No Action,
CMP000658,CUST001255,2024-10-11,Fraud Report,Pending,5.0
CMP000659,CUST001971,2024-01-19,Card Issue,Closed - No Action,2.0
CMP000660,CUST001864,2024-12-07,Fee Dispute,Pending,
CMP000661,CUST002899,2024-03-22,Fee Dispute,Resolved,1.0
CMP000662,CUST002561,2024-05-15,Service Quality,Closed - No Action,
CMP000663,CUST002636,2024-01-13,Other,Pending,5.0
CMP000664,CUST003531,2024-09-10,Fee Dispute,Resolved,4.0
CMP000665,CUST004820,2024-03-20,App/Online Banking Issue,Escalated,2.0
CMP000666,CUST004924,2024-04-08,Fee Dispute,Resolved,4.0
CMP000667,CUST004924,2024-09-19,Other,Pending,1.0
CMP000668,CUST001995,2024-09-18,Loan/Mortgage Query,Resolved,5.0
CMP000669,CUST000261,2024-03-29,Service Quality,Pending,4.0
CMP000670,CUST002040,2024-05-13,App/Online Banking Issue,Pending,
CMP000671,CUST001574,2024-11-09,Other,Escalated,2.0
CMP000672,CUST002552,2024-09-07,Service Quality,Resolved,3.0
CMP000673,CUST002552,2024-03-15,Loan/Mortgage Query,Pending,4.0
CMP000674,CUST001064,2024-01-22,Card Issue,Pending,4.0
CMP000675,CUST001064,2024-06-01,Loan/Mortgage Query,Escalated,4.0
CMP000676,CUST003736,2024-03-17,App/Online Banking Issue,Resolved,2.0
CMP000677,CUST002740,2024-02-25,Card Issue,Pending,5.0
CMP000678,CUST004207,2024-04-05,Card Issue,Pending,1.0
CMP000679,CUST003346,2024-04-13,App/Online Banking Issue,Resolved,
CMP000680,CUST004520,2024-05-12,Fee Dispute,Resolved,1.0
CMP000681,CUST004520,2024-06-06,Other,Closed - No Action,2.0
CMP000682,CUST001647,2024-07-27,Service Quality,Escalated,5.0
CMP000683,CUST002056,2024-04-09,Fee Dispute,Pending,1.0
CMP000684,CUST002262,2024-06-28,Fee Dispute,Escalated,3.0
CMP000685,CUST002297,2024-05-29,Fee Dispute,Closed - No Action,5.0
CMP000686,CUST002948,2024-04-15,Card Issue,Pending,5.0
CMP000687,CUST002181,2024-01-12,App/Online Banking Issue,Pending,3.0
CMP000688,CUST002129,2024-12-23,Service Quality,Closed - No Action,3.0
CMP000689,CUST001359,2024-06-24,Card Issue,Resolved,5.0
CMP000690,CUST002123,2024-04-29,Service Quality,Pending,4.0
CMP000691,CUST003982,2024-10-11,Card Issue,Closed - No Action,2.0
CMP000692,CUST000236,2024-07-19,App/Online Banking Issue,Resolved,4.0
CMP000693,CUST001824,2024-02-12,Service Quality,Resolved,3.0
CMP000694,CUST004577,2024-04-08,Service Quality,Pending,3.0
CMP000695,CUST001461,2024-04-15,Loan/Mortgage Query,Escalated,4.0
CMP000696,CUST001634,2024-02-02,Fee Dispute,Closed - No Action,3.0
CMP000697,CUST004159,2024-08-08,Other,Pending,1.0
CMP000698,CUST001839,2024-09-11,Card Issue,Escalated,5.0
CMP000699,CUST000925,2024-03-20,Fee Dispute,Closed - No Action,3.0
CMP000700,CUST004554,2024-10-26,Fee Dispute,Resolved,5.0
CMP000701,CUST001251,2024-12-02,Card Issue,Resolved,4.0
CMP000702,CUST000134,2024-10-06,Service Quality,Resolved,3.0
CMP000703,CUST004963,2024-05-23,Service Quality,Closed - No Action,2.0
CMP000704,CUST000505,2024-09-01,Other,Closed - No Action,3.0
CMP000705,CUST001959,2024-04-09,Fraud Report,Escalated,5.0
CMP000706,CUST001959,2024-01-26,Other,Closed - No Action,4.0
CMP000707,CUST004694,2024-05-09,Other,Resolved,3.0
CMP000708,CUST004135,2024-03-01,Card Issue,Closed - No Action,4.0
CMP000709,CUST002540,2024-09-08,Service Quality,Pending,2.0
CMP000710,CUST002540,2024-10-06,Fee Dispute,Resolved,4.0
CMP000711,CUST004331,2024-07-10,Other,Resolved,4.0
CMP000712,CUST003295,2024-05-08,Fee Dispute,Pending,5.0
CMP000713,CUST002968,2024-08-12,Service Quality,Escalated,2.0
CMP000714,CUST000418,2024-08-04,Other,Resolved,2.0
CMP000715,CUST004001,2024-04-15,Loan/Mortgage Query,Escalated,3.0
CMP000716,CUST004001,2024-05-19,Other,Escalated,5.0
CMP000717,CUST003547,2024-07-08,App/Online Banking Issue,Pending,
CMP000718,CUST001632,2024-03-08,Fraud Report,Pending,5.0
CMP000719,CUST004943,2024-10-23,Fee Dispute,Resolved,5.0
CMP000720,CUST001636,2024-11-23,App/Online Banking Issue,Resolved,
CMP000721,CUST000877,2024-11-08,Fraud Report,Resolved,5.0
CMP000722,CUST000575,2024-01-11,Other,Closed - No Action,1.0
CMP000723,CUST004496,2024-02-20,Loan/Mortgage Query,Pending,4.0
CMP000724,CUST004132,2024-03-30,Service Quality,Resolved,3.0
CMP000725,CUST000570,2024-08-28,Card Issue,Escalated,2.0
CMP000726,CUST000570,2024-02-29,Card Issue,Escalated,4.0
CMP000727,CUST001817,2024-09-03,Other,Closed - No Action,
CMP000728,CUST002066,2024-09-16,Loan/Mortgage Query,Closed - No Action,4.0
CMP000729,CUST000607,2024-01-31,Fraud Report,Resolved,1.0
CMP000730,CUST004880,2024-08-12,Card Issue,Escalated,5.0
CMP000731,CUST004880,2024-08-17,Fee Dispute,Pending,3.0
CMP000732,CUST001061,2024-06-29,App/Online Banking Issue,Escalated,3.0
CMP000733,CUST002566,2024-07-31,Service Quality,Pending,4.0
CMP000734,CUST002566,2024-11-10,Service Quality,Pending,5.0
CMP000735,CUST002525,2024-11-15,Other,Pending,1.0
CMP000736,CUST001244,2024-06-22,Other,Closed - No Action,1.0
CMP000737,CUST000960,2024-06-17,Card Issue,Closed - No Action,2.0
CMP000738,CUST003447,2024-02-14,Other,Resolved,1.0
CMP000739,CUST003447,2024-09-11,Other,Pending,5.0
CMP000740,CUST002962,2024-05-12,App/Online Banking Issue,Pending,2.0
CMP000741,CUST004683,2024-11-19,Fraud Report,Resolved,2.0
CMP000742,CUST004683,2024-04-29,App/Online Banking Issue,Pending,5.0
CMP000743,CUST003171,2024-03-28,Card Issue,Resolved,2.0
CMP000744,CUST004091,2024-07-02,Service Quality,Pending,5.0
CMP000745,CUST003370,2024-03-05,Card Issue,Closed - No Action,3.0
CMP000746,CUST002977,2024-03-09,App/Online Banking Issue,Closed - No Action,2.0
CMP000747,CUST001370,2024-09-25,Service Quality,Pending,2.0
CMP000748,CUST004283,2024-03-20,Card Issue,Escalated,5.0
CMP000749,CUST004283,2024-08-20,App/Online Banking Issue,Pending,4.0
CMP000750,CUST004283,2024-07-16,Service Quality,Escalated,3.0
CMP000751,CUST002932,2024-05-13,Other,Escalated,1.0
CMP000752,CUST002328,2024-04-24,Loan/Mortgage Query,Closed - No Action,3.0
CMP000753,CUST004738,2024-06-24,App/Online Banking Issue,Escalated,1.0
CMP000754,CUST003764,2024-03-12,Fraud Report,Pending,3.0
CMP000755,CUST001598,2024-07-31,Fraud Report,Closed - No Action,4.0
CMP000756,CUST001060,2024-04-11,Other,Escalated,1.0
CMP000757,CUST001060,2024-11-10,Fee Dispute,Closed - No Action,5.0
CMP000758,CUST003885,2024-02-29,Card Issue,Escalated,
CMP000759,CUST003343,2024-04-29,Loan/Mortgage Query,Resolved,
CMP000760,CUST004912,2024-03-08,Service Quality,Pending,4.0
CMP000761,CUST004912,2024-12-17,Fee Dispute,Resolved,3.0
CMP000762,CUST004912,2024-05-20,Card Issue,Resolved,4.0
CMP000763,CUST001982,2024-09-05,App/Online Banking Issue,Escalated,3.0
CMP000764,CUST001982,2024-07-10,Service Quality,Pending,2.0
CMP000765,CUST004799,2024-01-18,Card Issue,Resolved,
CMP000766,CUST000035,2024-08-14,Other,Escalated,4.0
CMP000767,CUST000035,2024-07-05,App/Online Banking Issue,Resolved,4.0
CMP000768,CUST004015,2024-12-31,Loan/Mortgage Query,Pending,2.0
CMP000769,CUST004015,2024-11-13,App/Online Banking Issue,Pending,4.0
CMP000770,CUST002613,2024-03-27,Service Quality,Escalated,4.0
CMP000771,CUST004659,2024-08-28,Loan/Mortgage Query,Resolved,1.0
CMP000772,CUST000976,2024-10-03,Service Quality,Pending,2.0
CMP000773,CUST001083,2024-05-15,Fee Dispute,Resolved,5.0
CMP000774,CUST001083,2024-04-08,Fraud Report,Pending,3.0
CMP000775,CUST002392,2024-11-26,Service Quality,Resolved,2.0
CMP000776,CUST002392,2024-06-16,Card Issue,Closed - No Action,
CMP000777,CUST002392,2024-01-24,Fraud Report,Escalated,3.0
CMP000778,CUST002392,2024-06-06,Loan/Mortgage Query,Pending,4.0
CMP000779,CUST000770,2024-08-28,App/Online Banking Issue,Closed - No Action,4.0
CMP000780,CUST000131,2024-09-12,Card Issue,Closed - No Action,4.0
CMP000781,CUST002920,2024-10-22,Service Quality,Resolved,1.0
CMP000782,CUST002920,2024-06-01,Fraud Report,Pending,4.0
